song_id,genre,htdemucs_drums_pct,htdemucs_bass_pct,htdemucs_other_pct,htdemucs_vocals_pct,htdemucs_tak_drums_sisdr,bsroformer_drums_pct,bsroformer_bass_pct,bsroformer_other_pct,bsroformer_vocals_pct,bsroformer_tak_drums_sisdr
0006_정악_풍류음악,풍류음악,0.0511,0.0159,89.359,10.5739,-13.1271,0.5629,1.1114,76.1989,22.1268,-9.8083
0017_정악_풍류음악,풍류음악,0.0921,0.6553,91.4858,7.7668,-11.2517,0.0548,1.4608,68.577,29.9074,-12.9817
0038_정악_풍류음악,풍류음악,0.0809,2.7394,59.7254,37.4543,-17.0128,0.8944,6.0791,24.328,68.6985,-10.1431
0058_정악_풍류음악,풍류음악,12.0473,3.6896,84.259,0.0041,4.9815,2.3847,12.0567,82.3726,3.1859,-2.5215
0093_정악_풍류음악,풍류음악,1.663,4.7853,73.0308,20.5209,-8.2959,1.4253,15.2851,47.9163,35.3733,-10.3195
0097_정악_풍류음악,풍류음악,2.9245,0.7458,67.9335,28.3963,-4.3495,0.7704,14.1294,52.925,32.1752,-14.2156
0101_정악_풍류음악,풍류음악,0.2249,18.306,34.6264,46.8427,-17.6234,0.1776,18.208,40.7756,40.8388,-19.8528
0107_정악_풍류음악,풍류음악,1.5025,26.7976,4.4167,67.2831,-10.32,0.645,28.2993,3.4293,67.6263,-15.6806
0109_정악_풍류음악,풍류음악,0.6151,30.6933,13.7436,54.9479,-16.5058,0.7041,29.6933,4.4941,65.1085,-16.0636
0121_정악_풍류음악,풍류음악,0.0562,15.0222,54.9381,29.9834,-43.1469,0.4624,15.2781,32.3732,51.8864,-22.0212
0125_정악_궁중음악,궁중음악,0.0922,0.5295,98.3736,1.0047,-14.2353,0.4038,3.2828,86.3223,9.9911,-21.8958
0132_정악_궁중음악,궁중음악,3.037,5.5031,91.458,0.002,-6.1734,7.1764,18.3995,74.4231,0.001,-20.5475
0135_정악_궁중음악,궁중음악,0.6149,1.6133,97.769,0.0028,-11.1677,1.208,18.3747,80.402,0.0153,-15.5778
0154_정악_궁중음악,궁중음악,3.4678,7.2455,85.2413,4.0455,-9.3911,2.4073,11.0369,81.0888,5.467,-11.2345
0163_정악_궁중음악,궁중음악,6.9058,18.8697,74.0472,0.1774,-8.3929,2.1483,22.8758,73.7353,1.2406,-12.782
0176_민속악_산조,산조,3.1917,7.7647,89.0397,0.0038,-9.1122,3.5529,28.6713,67.5387,0.2371,-6.9524
0196_민속악_산조,산조,3.3892,0.8642,95.7423,0.0043,-9.4817,4.2788,32.4833,63.2206,0.0173,-9.0009
0210_민속악_산조,산조,19.285,25.336,55.3774,0.0017,-2.0254,14.5856,49.418,35.9459,0.0505,-4.0575
0212_민속악_산조,산조,5.4444,2.8277,91.727,0.0009,-5.8988,32.0774,10.1427,57.6399,0.14,4.6435
0214_민속악_산조,산조,12.8252,4.1113,83.0629,0.0007,-2.4003,39.9702,6.9956,52.6954,0.3389,6.5822
0222_민속악_산조,산조,0.9359,45.7394,53.3238,0.001,-16.3035,1.097,52.2672,46.5009,0.135,-15.7992
0227_민속악_산조,산조,4.4883,15.5791,79.9224,0.0103,-11.7539,21.2349,51.8219,11.5788,15.3643,-24.8301
0235_민속악_산조,산조,0.0879,24.6532,75.257,0.0019,-26.6181,14.0938,56.9838,13.9897,14.9327,-29.9624
0247_민속악_산조,산조,1.8785,8.0039,89.0769,1.0408,-11.4206,35.9011,20.125,3.5229,40.451,-12.9592
0249_민속악_산조,산조,0.4947,0.2612,99.2435,0.0005,-11.9045,26.3654,28.1528,28.7786,16.7032,-27.9835
0265_민속악_산조,산조,0.0005,5.9868,94.0118,0.0009,-27.7132,9.3028,13.6025,47.5615,29.5331,-15.0687
0287_민속악_산조,산조,0.4977,47.0172,52.4837,0.0015,-24.6207,17.5219,34.164,23.2575,25.0566,-3.2401
0292_민속악_산조,산조,0.622,39.0659,58.3686,1.9435,-19.9684,14.437,43.9537,11.2011,30.4082,-7.7713
0312_민속악_산조,산조,37.1285,0.0046,58.9642,3.9026,25.3223,37.4966,0.0,16.5814,45.922,32.6963
0316_민속악_산조,산조,22.1757,0.0024,77.8163,0.0056,20.8319,22.1705,0.0,0.0007,77.8289,27.9566
0333_민속악_산조,산조,70.3969,0.0011,23.1543,6.4476,25.2088,71.8636,0.0,12.4809,15.6555,32.2413
0339_민속악_산조,산조,80.5119,0.0008,7.6353,11.8521,26.483,80.8104,0.0,0.0,19.1896,29.8692
0379_민속악_산조,산조,2.1946,55.1251,0.0794,42.6009,-12.1729,1.68,56.23,0.0,42.0899,-15.1333
0394_민속악_산조,산조,19.7478,0.6505,8.2483,71.3535,11.3757,6.6633,15.4641,0.0003,77.8723,-3.6586
0396_민속악_산조,산조,24.218,1.1638,0.0816,74.5367,12.2684,8.7899,17.3528,0.0,73.8573,-2.9396
0406_민속악_대풍류,대풍류,5.4908,2.8276,71.8435,19.8381,2.2934,0.4483,8.7308,63.4751,27.3458,-12.3814
0415_민속악_대풍류,대풍류,23.5899,5.5482,43.8148,27.0471,6.8442,4.4916,25.1677,44.7197,25.6211,-6.0895
0425_민속악_판소리,판소리,7.4559,2.0914,90.2769,0.1758,2.1134,0.1307,13.5503,72.1248,14.1942,-18.7893
0428_민속악_판소리,판소리,12.8811,8.8271,78.092,0.1999,2.032,1.5243,22.3684,66.4406,9.6667,-11.1353
0436_민속악_판소리,판소리,2.6169,1.3702,96.0101,0.0028,-2.1196,0.8783,9.0397,88.1647,1.9173,-7.6505
0445_민속악_판소리,판소리,3.9785,2.1139,93.8587,0.049,-1.6821,1.1561,11.9662,85.925,0.9527,-8.6636
0449_민속악_판소리,판소리,11.1225,3.2244,85.373,0.2801,4.8295,5.444,8.2476,62.8095,23.4989,-0.066
0472_민속악_판소리,판소리,2.5616,4.2452,93.1456,0.0476,-3.2294,1.7171,7.6166,75.136,15.5303,-5.6091
0491_민속악_판소리,판소리,2.287,5.5198,92.1708,0.0224,-6.8318,0.5039,16.2783,81.1533,2.0645,-15.3441
0493_민속악_판소리,판소리,2.9213,1.143,95.913,0.0227,-1.8936,0.2222,9.8187,88.414,1.5451,-12.2804
0497_민속악_판소리,판소리,1.548,4.8755,93.065,0.5115,-4.8562,0.0787,13.9729,83.5847,2.3637,-26.9189
0517_민속악_판소리,판소리,11.1451,5.4274,82.8383,0.5892,3.1932,0.9313,17.1757,79.1164,2.7766,-8.9516
0527_민속악_판소리,판소리,7.4698,1.2187,91.2551,0.0563,2.5445,0.5716,11.3951,87.8726,0.1607,-13.6351
0537_민속악_판소리,판소리,6.4282,4.0039,89.5626,0.0053,1.3652,0.7367,12.6306,85.4182,1.2145,-10.2975
0563_민속악_판소리,판소리,3.1291,11.3418,84.0566,1.4726,-4.3818,0.3476,17.8115,54.0995,27.7414,-27.4762
0579_민속악_판소리,판소리,1.6982,2.8056,92.7553,2.7408,-4.043,0.0762,9.3676,68.9001,21.6561,-24.4044
0597_민속악_판소리,판소리,4.2324,1.7634,94.0022,0.002,-0.4392,0.1393,11.0557,81.5659,7.239,-17.7245
0608_민속악_판소리,판소리,4.2396,0.269,94.4455,1.0459,2.3034,0.5967,8.9246,66.3015,24.1772,-29.735
0611_민속악_판소리,판소리,2.2168,0.8461,96.9369,0.0002,-1.939,0.2013,11.875,79.6368,8.2868,-30.0411
0614_민속악_판소리,판소리,0.1896,4.3659,95.4425,0.002,-14.0448,0.0311,12.9921,71.3975,15.5793,-24.3611
0615_민속악_판소리,판소리,0.8582,1.7367,97.3854,0.0197,-7.1581,0.3597,6.776,84.5545,8.3097,-29.0262
0622_민속악_판소리,판소리,3.1431,1.4667,95.1233,0.267,-1.4679,0.6678,11.27,79.4471,8.6152,-15.8746
0626_민속악_판소리,판소리,43.1065,8.8773,48.0149,0.0013,6.8683,0.2059,55.6887,43.0727,1.0328,-19.2594
0627_민속악_판소리,판소리,4.7079,0.7443,94.4503,0.0975,1.4587,0.3674,9.4429,79.1172,11.0725,-13.9363
0631_민속악_판소리,판소리,12.5079,1.1815,86.1961,0.1145,7.1871,0.3954,16.5224,62.3201,20.7622,-16.4092
0639_민속악_판소리,판소리,4.3342,0.9877,94.4442,0.2339,-0.0019,0.9099,9.0833,79.3265,10.6803,-10.0766
0673_민속악_판소리,판소리,1.8382,25.3245,72.7111,0.1263,-8.2019,22.4777,4.7526,64.9893,7.7804,6.027
0707_민속악_판소리,판소리,8.1075,1.6287,86.175,4.0887,5.7048,3.1373,6.4244,49.3453,41.093,-2.2035
0708_민속악_판소리,판소리,6.3879,1.2137,65.6666,26.7318,2.1485,1.9397,7.5721,40.2198,50.2685,-9.275
0714_민속악_민요,민요,1.7427,39.1177,57.1784,1.9612,-11.4451,14.6577,23.865,38.6407,22.8366,-1.1643
0721_민속악_민요,민요,0.6359,24.0571,70.7246,4.5824,-14.4686,3.6289,25.9612,47.6165,22.7934,-7.7384
0739_민속악_민요,민요,0.0574,26.6038,70.566,2.7728,-23.9961,2.8196,23.9542,50.0346,23.1916,-7.7975
0745_민속악_민요,민요,0.3347,12.0725,86.4015,1.1913,-14.6808,0.4858,14.6723,63.8454,20.9965,-14.1381
0779_민속악_민요,민요,2.3203,26.2008,71.1077,0.3711,-8.0047,6.8031,20.6532,57.4364,15.1073,-2.4208
0781_민속악_민요,민요,0.0135,22.1116,76.7895,1.0854,-30.2703,1.831,25.3017,59.9165,12.9508,-10.7319
0789_민속악_민요,민요,2.0906,7.6756,62.6621,27.5717,-5.8219,1.964,10.0571,34.3202,53.6586,-6.056
0791_민속악_민요,민요,0.5112,19.2586,60.7012,19.5291,-14.8596,1.5016,20.6415,28.3615,49.4955,-10.5116
0811_창작국악_창작국악,창작국악,11.6112,0.005,86.1599,2.2239,5.1957,15.5092,0.0159,68.9566,15.5183,12.0884
0854_창작국악_창작국악,창작국악,24.466,0.0047,58.4557,17.0736,5.4417,28.2981,0.0152,44.3352,27.3514,9.1951
0861_창작국악_창작국악,창작국악,35.514,0.1413,63.1216,1.2232,7.4163,41.1297,0.0977,51.0846,7.688,11.4405
0867_창작국악_창작국악,창작국악,12.513,0.108,87.3285,0.0505,6.9626,17.0695,2.0483,71.7967,9.0855,13.9425
0870_창작국악_창작국악,창작국악,72.169,0.0012,26.8469,0.9828,21.1231,73.2178,0.1395,17.5925,9.0502,24.3471
0881_창작국악_창작국악,창작국악,58.4036,2.8744,38.1073,0.6146,9.0045,53.617,11.8917,33.8517,0.6396,13.5208
0885_창작국악_창작국악,창작국악,5.874,0.0039,81.6194,12.5027,3.159,9.1173,0.0028,88.6206,2.2594,10.6751
0900_창작국악_창작국악,창작국악,3.2087,0.0005,96.6458,0.145,9.8435,3.3201,0.1632,94.1474,2.3693,9.4195
0918_창작국악_창작국악,창작국악,26.7736,0.0002,42.3645,30.8617,27.5158,25.9477,0.0001,6.5059,67.5464,35.0766
0931_창작국악_창작국악,창작국악,8.6333,0.0062,43.6613,47.6992,,7.4457,0.0,92.3173,0.237,
0939_창작국악_창작국악,창작국악,26.2118,0.0213,35.2322,38.5347,9.2755,6.8583,0.0,66.1924,26.9493,-1.4926
0942_창작국악_창작국악,창작국악,0.0091,0.0041,90.4349,9.5519,,0.0096,0.0009,81.6727,18.3168,
0943_창작국악_창작국악,창작국악,0.0012,0.2848,35.8188,63.8952,,0.0002,0.0048,57.7024,42.2926,
0951_창작국악_창작국악,창작국악,16.8022,0.0006,81.7789,1.4183,15.1616,17.4799,0.0602,16.2767,66.1832,17.9271
0963_창작국악_창작국악,창작국악,80.6214,0.0123,18.0626,1.3038,11.398,78.9288,0.0854,19.7751,1.2107,17.5626
0970_창작국악_창작국악,창작국악,76.2608,0.0035,20.1893,3.5464,12.6585,72.3805,0.1452,17.3337,10.1406,12.0007
0971_창작국악_창작국악,창작국악,69.4452,0.0021,26.4195,4.1333,10.338,65.3946,0.0548,19.2627,15.2879,8.1106
0981_창작국악_창작국악,창작국악,55.7926,0.0016,38.1078,6.0981,13.662,53.2012,0.03,21.5298,25.239,14.2174
0987_창작국악_창작국악,창작국악,0.0015,0.0035,94.3657,5.6294,,0.0001,0.0,90.3609,9.6391,
