dataset,stem_group,genre_sub,split,files,total_h,active_h,active_frac,n_segments,seg_p25_s,seg_p50_s,seg_p75_s,gap_p25_s,gap_p50_s,gap_p75_s,gap_p95_s
71470,pitched_percussion,C01,train,34.0,0.08,0.08,0.969,35.0,7.11,8.05,9.27,0.6,0.6,0.6,0.6
71470,voice,C01,train,9.0,0.03,0.03,0.9696,14.0,6.66,7.11,9.09,0.23,0.41,0.46,0.53
71470,voice,C11,train,139.0,0.39,0.38,0.9855,140.0,8.98,10.28,10.76,0.23,0.23,0.23,0.23
71470,voice,CR1,train,163.0,0.71,0.68,0.9593,283.0,3.5,7.22,11.84,0.14,0.32,0.83,1.75
71470,voice,CR2,train,252.0,0.95,0.92,0.9647,359.0,4.76,8.28,11.68,0.14,0.32,0.62,2.25
71470,voice,E05,train,50.0,0.18,0.18,0.9823,52.0,8.77,11.87,16.19,0.13,0.16,0.2,0.22
71470,voice,E06,train,8.0,0.07,0.07,0.9954,9.0,14.31,29.67,36.89,0.23,0.23,0.23,0.23
71470,voice,F06,train,1076.0,4.53,4.52,0.9972,1101.0,8.92,13.48,19.96,0.09,0.18,0.41,0.71
71470,voice,F07,train,305.0,1.19,1.18,0.9918,313.0,10.03,11.18,16.93,0.13,0.25,0.54,0.82
71470,voice,F08,train,378.0,1.3,1.27,0.9785,602.0,3.6,6.97,9.94,0.14,0.28,0.55,1.1
71470,voice,F09,train,80.0,0.29,0.28,0.9633,150.0,3.16,6.16,9.18,0.23,0.46,0.76,1.13
71470,voice,F10,train,2.0,0.0,0.0,0.9897,3.0,4.62,4.92,6.21,0.14,0.14,0.14,0.14
71470,voice,F12,train,3.0,0.01,0.01,0.9803,5.0,4.14,4.42,8.05,0.18,0.23,0.28,0.31
71470,voice,FS1,train,26.0,0.1,0.09,0.8957,52.0,3.85,5.43,7.07,0.28,0.64,1.27,2.4
71470,voice,FS2,train,244.0,0.79,0.78,0.9845,292.0,5.14,8.03,12.39,0.26,0.37,0.78,1.64
71470,가야금,C09,train,10.0,0.02,0.02,0.9968,10.0,4.97,5.01,5.05,,,,
71470,가야금,CR1,train,78.0,0.29,0.29,0.9918,81.0,7.77,10.95,16.7,0.34,0.6,1.17,1.63
71470,가야금,CR2,train,287.0,1.07,1.05,0.9789,335.0,6.07,8.33,12.93,0.22,1.04,1.91,3.6
71470,가야금,E01,train,520.0,2.85,2.4,0.843,1541.0,2.39,3.13,6.35,0.51,1.52,2.16,3.04
71470,가야금,E02,train,12.0,0.05,0.05,0.9639,23.0,4.6,5.98,9.8,0.21,0.64,0.76,0.97
71470,가야금,E04,train,36.0,0.15,0.15,0.9934,39.0,9.68,10.86,18.4,0.18,0.23,0.3,0.35
71470,가야금,F02,train,208.0,0.56,0.56,0.9941,224.0,4.97,9.04,11.96,0.13,0.37,0.62,0.95
71470,가야금,F06,train,124.0,0.38,0.37,0.9972,124.0,8.56,9.31,12.99,,,,
71470,가야금,F10,train,1.0,0.0,0.0,0.9969,1.0,6.85,6.85,6.85,,,,
71470,가야금,FS1,train,77.0,0.26,0.26,0.9817,83.0,8.49,9.11,11.78,0.3,0.69,1.53,2.86
71470,가야금,FS2,train,3.0,0.03,0.03,0.9904,3.0,32.29,43.01,43.63,,,,
71470,거문고,C09,train,12.0,0.03,0.03,0.9913,13.0,4.92,5.01,9.84,0.6,0.6,0.6,0.6
71470,거문고,CR1,train,34.0,0.11,0.09,0.8611,83.0,1.31,2.16,5.7,0.37,0.64,1.2,2.15
71470,거문고,CR2,train,58.0,0.14,0.14,0.9954,64.0,5.66,7.36,8.5,0.07,0.14,0.21,0.23
71470,거문고,E01,train,243.0,1.41,1.11,0.7882,963.0,1.66,2.12,3.96,0.46,1.01,2.27,3.13
71470,거문고,E03,train,2.0,0.02,0.01,0.769,9.0,2.39,2.67,8.65,0.34,1.61,2.44,4.07
71470,거문고,E04,train,47.0,0.18,0.18,0.9793,62.0,5.03,9.38,12.2,0.07,0.23,0.46,0.53
71470,거문고,E05,train,252.0,0.94,0.94,0.9931,254.0,8.62,11.66,16.24,0.38,0.44,0.49,0.54
71470,거문고,F02,train,59.0,0.14,0.14,0.9969,59.0,5.98,6.9,10.76,,,,
71470,거문고,FS2,train,118.0,0.29,0.29,0.9896,123.0,7.04,7.87,10.4,1.56,1.7,1.84,1.99
71470,기타,C03,train,50.0,0.14,0.14,0.9976,50.0,7.68,8.46,11.99,,,,
71470,기타,C05,train,8.0,0.02,0.02,0.9925,8.0,7.35,8.26,9.56,,,,
71470,기타,C06,train,27.0,0.09,0.09,0.998,27.0,8.07,9.06,14.54,,,,
71470,기타,C09,train,70.0,0.14,0.14,0.9967,70.0,4.97,6.35,7.76,,,,
71470,기타,C10,train,16.0,0.05,0.05,0.9771,23.0,5.27,6.35,9.41,0.23,0.51,0.64,0.72
71470,기타,CR1,train,48.0,0.15,0.15,0.9532,67.0,5.73,7.22,9.34,0.14,0.64,1.08,1.72
71470,기타,CR2,train,24.0,0.09,0.09,0.9573,43.0,3.01,5.52,10.23,0.23,0.28,0.9,1.55
71470,기타,E01,train,14.0,0.02,0.02,0.9961,14.0,5.26,5.8,5.8,,,,
71470,기타,E02,train,122.0,0.46,0.46,0.9944,122.0,8.99,10.0,19.12,,,,
71470,기타,E04,train,31.0,0.07,0.07,0.9968,31.0,5.77,7.04,8.3,,,,
71470,기타,F02,train,68.0,0.24,0.24,0.9725,129.0,3.82,5.38,8.6,0.09,0.18,0.32,0.51
71470,기타,F04,train,1.0,0.01,0.01,0.8996,5.0,4.42,4.69,4.74,0.63,0.64,0.64,0.64
71470,기타,F06,train,25.0,0.11,0.1,0.9902,28.0,6.64,9.91,14.65,0.14,0.14,0.16,0.18
71470,기타,FS2,train,125.0,0.5,0.49,0.9779,187.0,4.32,7.68,12.77,0.14,0.18,0.41,0.92
71470,기타,FS3,train,10.0,0.04,0.04,0.9715,11.0,8.49,9.94,11.73,0.23,0.23,0.23,0.23
71470,대금,C03,train,2.0,0.01,0.01,0.9978,2.0,20.88,20.88,20.88,,,,
71470,대금,C05,train,1.0,0.01,0.01,0.9842,1.0,31.51,31.51,31.51,,,,
71470,대금,C09,train,11.0,0.02,0.02,0.9946,11.0,4.95,5.01,7.5,,,,
71470,대금,CR1,train,14.0,0.04,0.04,0.9952,15.0,5.31,6.85,11.22,0.28,0.28,0.28,0.28
71470,대금,CR2,train,110.0,0.42,0.41,0.9673,163.0,5.66,8.69,11.45,0.18,0.28,0.46,1.51
71470,대금,E01,train,234.0,1.33,1.29,0.9705,564.0,3.96,6.03,10.3,0.14,0.28,0.37,0.51
71470,대금,E02,train,46.0,0.25,0.25,0.998,46.0,13.19,18.86,24.14,,,,
71470,대금,E04,train,39.0,0.15,0.15,0.9633,112.0,2.81,3.96,5.89,0.09,0.14,0.28,0.37
71470,대금,E05,train,12.0,0.06,0.06,0.9979,12.0,11.68,16.19,19.7,,,,
71470,대금,F01,train,10.0,0.03,0.02,0.976,11.0,4.69,6.44,7.02,0.51,0.51,0.51,0.51
71470,대금,F02,train,124.0,0.72,0.67,0.9325,696.0,1.06,2.25,4.69,0.09,0.18,0.32,0.8
71470,대금,F06,train,75.0,0.27,0.27,0.9928,79.0,10.28,12.93,15.04,0.12,0.14,0.15,0.18
71470,대금,FS1,train,13.0,0.06,0.06,0.9934,13.0,11.78,13.71,14.49,,,,
71470,대금,FS2,train,92.0,0.31,0.3,0.9783,119.0,5.98,7.77,10.99,0.18,0.51,0.69,1.82
71470,대금,FS3,train,33.0,0.11,0.1,0.9693,37.0,5.66,8.0,11.18,0.76,1.06,1.93,3.59
71470,아쟁,C01,train,1.0,0.01,0.01,0.9956,1.0,49.5,49.5,49.5,,,,
71470,아쟁,C04,train,47.0,0.19,0.19,0.9981,47.0,11.02,12.79,15.23,,,,
71470,아쟁,C07,train,21.0,0.08,0.08,0.9987,21.0,9.66,10.72,11.13,,,,
71470,아쟁,C08,train,24.0,0.07,0.07,0.9968,24.0,8.69,10.1,11.48,,,,
71470,아쟁,CR1,train,111.0,0.39,0.38,0.977,127.0,6.35,10.44,13.71,0.45,0.78,1.54,2.2
71470,아쟁,F01,train,52.0,0.16,0.16,0.998,52.0,6.73,10.0,12.96,,,,
71470,아쟁,F02,train,23.0,0.06,0.06,0.9973,23.0,6.85,10.58,11.78,,,,
71470,아쟁,F03,train,10.0,0.04,0.04,0.9989,10.0,12.1,12.54,13.19,,,,
71470,아쟁,F06,train,41.0,0.2,0.2,0.9978,41.0,13.66,15.82,23.55,,,,
71470,아쟁,FS2,train,3.0,0.02,0.02,0.99,3.0,17.16,17.43,18.58,,,,
71470,아쟁,FS3,train,20.0,0.08,0.08,0.9979,20.0,10.13,14.19,16.79,,,,
71470,양금,C09,train,1.0,0.01,0.01,0.998,1.0,19.6,19.6,19.6,,,,
71470,양금,CR1,train,14.0,0.06,0.06,0.9956,15.0,10.26,13.06,20.56,0.14,0.14,0.14,0.14
71470,양금,CR2,train,25.0,0.07,0.06,0.9959,25.0,8.97,8.97,9.02,,,,
71470,양금,E01,train,6.0,0.03,0.03,0.9985,6.0,8.96,16.19,21.29,,,,
71470,양금,E03,train,1.0,0.01,0.01,0.9967,2.0,10.35,14.95,19.55,0.09,0.09,0.09,0.09
71470,양금,E04,train,20.0,0.05,0.05,0.9968,20.0,4.32,5.91,7.56,,,,
71470,양금,E05,train,5.0,0.02,0.02,0.998,5.0,14.17,14.9,15.04,,,,
71470,타악기,C01,train,1.0,0.0,0.0,0.9018,1.0,13.62,13.62,13.62,,,,
71470,타악기,C09,train,1.0,0.0,0.0,0.9464,2.0,4.58,6.99,9.41,0.64,0.64,0.64,0.64
71470,타악기,CR1,train,28.0,0.1,0.07,0.6999,136.0,0.53,1.1,1.81,0.32,0.78,1.47,1.99
71470,타악기,CR2,train,24.0,0.06,0.05,0.8956,55.0,0.9,1.52,5.57,0.09,0.23,0.37,1.47
71470,타악기,E01,train,15.0,0.08,0.04,0.4902,94.0,0.55,1.45,2.01,0.44,0.78,1.54,3.9
71470,타악기,E04,train,11.0,0.04,0.03,0.6059,69.0,1.24,1.47,1.7,0.23,0.85,1.38,1.74
71470,타악기,F02,train,59.0,0.13,0.12,0.9105,142.0,1.33,2.28,4.74,0.18,0.37,0.67,1.46
71470,타악기,F04,train,9.0,0.01,0.01,0.9918,9.0,2.81,2.85,3.04,,,,
71470,타악기,F05,train,173.0,0.39,0.39,0.9859,191.0,4.12,7.04,9.06,0.14,0.18,0.23,1.24
71470,타악기,F06,train,1.0,0.0,0.0,0.9964,1.0,8.1,8.1,8.1,,,,
71470,타악기,F07,train,278.0,1.05,0.99,0.9454,749.0,0.83,2.94,8.42,0.09,0.18,0.34,0.97
71470,타악기,F11,train,2.0,0.0,0.0,0.7253,24.0,0.41,0.46,0.46,0.09,0.09,0.31,0.37
71470,타악기,F13,train,69.0,0.17,0.15,0.9097,133.0,1.7,2.39,4.92,0.31,0.55,0.74,1.33
71470,타악기,FS2,train,15.0,0.03,0.03,0.9144,21.0,1.79,5.98,7.31,0.86,1.31,1.76,1.87
71470,피리,C01,train,12.0,0.03,0.03,0.9452,16.0,4.67,6.05,7.57,0.23,0.28,0.29,0.32
71470,피리,C03,train,3.0,0.02,0.02,0.9311,6.0,8.0,9.29,11.37,0.34,0.41,0.51,0.58
71470,피리,C05,train,2.0,0.02,0.02,0.9544,6.0,8.81,10.17,13.21,0.29,0.46,0.62,0.68
71470,피리,C09,train,12.0,0.03,0.03,0.9968,12.0,4.96,5.01,10.9,,,,
71470,피리,CR1,train,13.0,0.05,0.05,0.9788,18.0,6.66,9.5,11.96,0.18,0.28,0.51,0.8
71470,피리,CR2,train,25.0,0.08,0.08,0.9814,38.0,4.44,7.18,9.86,0.05,0.14,0.32,0.46
71470,피리,E01,train,475.0,2.79,2.66,0.955,982.0,4.92,8.37,12.33,0.28,0.41,0.55,2.07
71470,피리,E02,train,3.0,0.02,0.02,0.9662,8.0,6.28,8.0,9.58,0.14,0.14,0.28,0.31
71470,피리,E04,train,38.0,0.17,0.17,0.961,100.0,4.81,5.45,7.49,0.18,0.28,0.36,0.46
71470,피리,F01,train,177.0,0.58,0.57,0.9796,220.0,5.77,8.35,10.67,0.16,0.28,0.41,1.18
71470,피리,F02,train,12.0,0.04,0.04,0.9482,29.0,2.9,3.73,5.7,0.14,0.23,0.32,0.75
71470,피리,F06,train,72.0,0.28,0.27,0.9761,115.0,4.99,7.04,10.21,0.14,0.18,0.32,0.6
71470,피리,FS2,train,72.0,0.32,0.31,0.9676,119.0,2.9,6.21,11.13,0.14,0.46,0.78,1.54
71470,해금,C09,train,12.0,0.03,0.03,0.9969,12.0,4.92,4.92,9.82,,,,
71470,해금,CR1,train,49.0,0.18,0.18,0.9846,57.0,6.44,8.88,15.36,0.22,0.62,1.1,1.77
71470,해금,CR2,train,225.0,0.87,0.86,0.9867,240.0,6.06,10.44,16.38,0.3,0.41,1.52,3.52
71470,해금,E01,train,358.0,2.03,2.02,0.9968,385.0,13.8,20.06,23.87,0.09,0.18,0.39,0.57
71470,해금,E04,train,42.0,0.15,0.15,0.9973,42.0,8.06,10.76,17.53,,,,
71470,해금,E05,train,243.0,0.97,0.96,0.9896,246.0,8.66,11.78,17.17,0.14,0.18,0.55,0.85
71470,해금,F01,train,29.0,0.05,0.05,0.9969,29.0,4.78,5.89,5.98,,,,
71470,해금,F02,train,34.0,0.11,0.11,0.9976,34.0,10.79,11.96,12.7,,,,
71470,해금,F06,train,89.0,0.38,0.38,0.9932,91.0,10.42,14.17,16.01,0.06,0.07,0.08,0.09
71470,해금,FS1,train,146.0,0.62,0.62,0.995,152.0,8.14,12.56,16.24,0.31,0.62,1.35,1.63
71470,해금,FS2,train,28.0,0.1,0.1,0.9648,48.0,2.98,6.76,9.13,0.08,0.18,0.33,0.93
71470,해금,FS3,train,36.0,0.11,0.11,0.984,39.0,6.21,8.23,12.72,0.67,0.69,0.74,0.77
71955,pitched_percussion,궁중음악,test,12.0,0.59,0.52,0.8822,370.0,2.07,3.54,6.85,0.18,0.37,0.55,1.75
71955,pitched_percussion,궁중음악,train,36.0,1.93,1.69,0.8757,1098.0,2.59,4.55,6.35,0.28,0.41,0.6,2.02
71955,pitched_percussion,궁중음악,val,3.0,0.29,0.27,0.9122,169.0,1.66,3.27,5.57,0.24,0.37,0.55,0.94
71955,가야금,궁중음악,test,1.0,0.32,0.32,0.9998,1.0,1151.75,1151.75,1151.75,,,,
71955,가야금,궁중음악,train,12.0,1.19,1.17,0.9843,85.0,2.07,2.9,5.29,0.6,0.92,1.1,1.44
71955,가야금,궁중음악,val,1.0,0.32,0.32,0.9988,2.0,517.94,575.32,632.71,1.1,1.1,1.1,1.1
71955,가야금,민요,test,11.0,0.72,0.72,0.9979,16.0,76.39,205.67,225.07,0.05,0.05,0.14,0.32
71955,가야금,민요,train,56.0,3.75,3.74,0.9991,64.0,175.04,224.89,270.11,0.63,0.94,1.05,1.75
71955,가야금,민요,val,8.0,0.49,0.49,0.9997,8.0,197.03,217.99,234.91,,,,
71955,가야금,산조,test,4.0,0.17,0.17,0.9945,4.0,107.96,153.82,195.72,,,,
71955,가야금,산조,train,35.0,1.94,1.93,0.994,44.0,63.33,121.56,263.37,0.09,0.69,1.24,1.62
71955,가야금,산조,val,7.0,0.36,0.36,0.9895,9.0,65.96,139.93,232.16,0.48,0.83,1.17,1.45
71955,가야금,창작국악,test,39.0,2.34,1.71,0.7293,237.0,3.04,10.35,28.38,0.32,3.06,6.24,33.67
71955,가야금,창작국악,train,161.0,9.45,7.25,0.7673,1093.0,4.92,11.91,27.88,1.06,2.39,5.66,26.66
71955,가야금,창작국악,val,26.0,1.41,1.11,0.7864,127.0,7.84,21.8,31.92,0.74,2.53,5.8,17.39
71955,가야금,판소리,test,40.0,2.16,2.13,0.9837,171.0,5.08,15.18,44.99,0.14,0.41,0.87,2.3
71955,가야금,판소리,train,202.0,13.47,13.11,0.9735,1362.0,5.7,12.67,34.88,0.23,0.6,1.24,2.67
71955,가야금,판소리,val,27.0,1.53,1.5,0.9809,120.0,7.64,26.66,56.86,0.09,0.37,1.1,2.02
71955,가야금,풍류음악,test,10.0,0.69,0.69,0.9986,11.0,127.88,240.44,322.14,0.05,0.05,0.05,0.05
71955,가야금,풍류음악,train,44.0,3.17,3.16,0.9967,80.0,11.28,100.03,288.37,0.32,0.74,0.97,1.01
71955,가야금,풍류음악,val,8.0,0.47,0.47,0.9987,8.0,129.04,196.42,287.51,,,,
71955,거문고,궁중음악,test,1.0,0.32,0.32,0.9975,4.0,103.96,192.23,375.56,0.32,0.55,1.22,1.75
71955,거문고,궁중음악,train,12.0,1.19,1.18,0.9936,58.0,2.88,8.42,30.27,0.18,0.32,0.57,1.51
71955,거문고,궁중음악,val,1.0,0.32,0.32,0.9952,7.0,15.32,82.62,201.5,0.46,0.71,1.21,1.56
71955,거문고,민요,test,11.0,0.72,0.72,0.9977,13.0,205.21,215.92,251.57,0.14,0.23,0.32,0.4
71955,거문고,민요,train,56.0,3.75,3.74,0.9995,59.0,196.28,228.44,266.2,0.07,0.09,0.12,0.13
71955,거문고,민요,val,8.0,0.49,0.49,0.9997,8.0,197.03,217.99,234.91,,,,
71955,거문고,산조,test,19.0,0.96,0.95,0.9885,19.0,15.43,263.21,289.69,,,,
71955,거문고,산조,train,51.0,2.59,2.57,0.9894,67.0,20.56,53.82,298.06,0.16,0.18,0.23,0.23
71955,거문고,산조,val,5.0,0.19,0.19,0.9874,5.0,10.26,25.67,288.28,,,,
71955,거문고,창작국악,test,20.0,1.23,0.9,0.7357,156.0,6.53,11.11,25.37,1.35,3.86,8.15,27.14
71955,거문고,창작국악,train,106.0,6.5,4.78,0.736,1089.0,3.04,6.44,16.05,0.69,2.67,5.7,17.53
71955,거문고,창작국악,val,15.0,0.78,0.6,0.7706,89.0,0.92,4.78,21.02,1.54,3.08,8.79,11.82
71955,거문고,판소리,test,40.0,2.16,2.14,0.9883,116.0,10.14,33.23,93.03,0.18,0.46,0.93,1.56
71955,거문고,판소리,train,202.0,13.47,13.26,0.9849,902.0,5.8,17.94,63.43,0.18,0.55,1.01,2.21
71955,거문고,판소리,val,27.0,1.53,1.51,0.9879,98.0,6.58,15.92,62.93,0.05,0.14,0.6,1.4
71955,거문고,풍류음악,test,10.0,0.69,0.69,0.9971,17.0,45.4,95.17,240.44,0.07,0.18,0.41,0.46
71955,거문고,풍류음악,train,44.0,3.17,3.15,0.9929,183.0,2.97,6.53,60.86,0.16,0.37,0.78,1.01
71955,거문고,풍류음악,val,8.0,0.47,0.47,0.9983,9.0,128.25,145.54,280.23,0.64,0.64,0.64,0.64
71955,기타,궁중음악,test,4.0,0.53,0.44,0.8307,17.0,25.35,103.78,130.82,0.05,0.09,0.18,0.55
71955,기타,궁중음악,train,15.0,1.48,1.47,0.9947,47.0,15.59,54.33,169.9,0.09,0.32,0.53,1.19
71955,기타,궁중음악,val,4.0,0.51,0.51,0.9983,13.0,38.23,89.29,202.72,0.09,0.23,0.32,0.53
71955,기타,창작국악,test,21.0,1.2,0.72,0.599,218.0,1.43,5.2,18.54,0.64,4.09,5.29,20.79
71955,기타,창작국악,train,121.0,7.3,3.72,0.5093,1388.0,2.58,5.59,11.93,0.64,2.67,7.5,33.3
71955,기타,창작국악,val,18.0,0.85,0.48,0.5583,132.0,5.43,10.49,15.96,0.46,1.84,9.05,21.38
71955,기타,풍류음악,test,13.0,0.7,0.7,0.9943,37.0,6.76,29.3,95.36,0.17,0.28,0.41,0.59
71955,기타,풍류음악,train,51.0,2.78,2.73,0.9812,115.0,35.93,65.96,111.76,0.05,0.14,0.28,0.55
71955,기타,풍류음악,val,7.0,0.27,0.27,0.9958,8.0,98.66,115.41,133.15,0.14,0.14,0.14,0.14
71955,대금,궁중음악,test,7.0,0.7,0.69,0.9834,49.0,3.22,5.66,26.27,0.23,0.37,0.69,1.1
71955,대금,궁중음악,train,28.0,2.32,2.29,0.9882,131.0,5.34,12.97,57.27,0.21,0.37,0.53,0.78
71955,대금,궁중음악,val,5.0,0.61,0.61,0.9925,33.0,3.96,8.74,27.92,0.09,0.23,0.4,1.01
71955,대금,대풍류,test,3.0,0.22,0.21,0.9871,5.0,52.26,96.0,259.12,0.4,0.62,0.84,1.01
71955,대금,대풍류,train,16.0,1.2,1.17,0.9788,57.0,24.75,38.41,78.43,0.37,0.64,1.01,1.7
71955,대금,대풍류,val,2.0,0.1,0.09,0.9508,3.0,50.85,86.62,162.45,15.27,15.27,15.27,15.27
71955,대금,민요,test,11.0,0.72,0.72,0.9964,11.0,209.69,216.75,260.68,,,,
71955,대금,민요,train,56.0,3.75,3.74,0.9995,59.0,197.8,228.44,273.54,0.14,0.23,0.69,1.06
71955,대금,민요,val,8.0,0.49,0.49,0.9997,8.0,197.03,217.99,234.91,,,,
71955,대금,산조,test,4.0,0.14,0.14,0.9944,5.0,20.98,44.57,147.06,0.55,0.55,0.55,0.55
71955,대금,산조,train,24.0,1.37,1.36,0.9949,32.0,17.99,129.56,294.37,0.13,0.25,0.29,0.47
71955,대금,산조,val,3.0,0.26,0.26,0.9952,3.0,301.19,302.36,313.05,,,,
71955,대금,창작국악,test,31.0,1.74,0.96,0.556,249.0,5.01,9.61,16.28,0.46,4.0,7.81,41.17
71955,대금,창작국악,train,164.0,9.74,5.91,0.6066,1310.0,4.09,8.05,17.39,0.92,3.29,8.83,38.36
71955,대금,창작국악,val,24.0,1.37,0.88,0.6437,167.0,4.44,10.86,23.41,2.19,4.19,9.22,24.33
71955,대금,판소리,test,40.0,2.16,2.08,0.9636,254.0,5.16,12.72,27.92,0.32,0.74,1.24,3.13
71955,대금,판소리,train,202.0,13.47,12.93,0.9598,1946.0,4.98,8.99,22.13,0.28,0.64,1.2,3.12
71955,대금,판소리,val,27.0,1.53,1.47,0.9589,223.0,3.98,11.13,25.25,0.23,0.6,1.02,2.59
71955,대금,풍류음악,test,16.0,1.01,1.0,0.994,28.0,42.77,94.58,194.47,0.24,0.32,1.17,4.14
71955,대금,풍류음악,train,78.0,5.36,5.3,0.9894,146.0,51.27,95.96,214.53,0.46,1.04,2.1,7.58
71955,대금,풍류음악,val,10.0,0.59,0.59,0.9881,18.0,74.07,92.48,141.63,0.25,1.13,1.62,3.93
71955,아쟁,궁중음악,test,7.0,0.7,0.7,0.9932,10.0,25.29,135.59,321.46,0.62,1.1,1.4,1.64
71955,아쟁,궁중음악,train,28.0,2.32,2.31,0.9954,32.0,105.09,240.17,356.26,0.49,0.78,1.1,1.44
71955,아쟁,궁중음악,val,5.0,0.61,0.61,0.9978,5.0,205.76,303.92,348.59,,,,
71955,아쟁,대풍류,test,3.0,0.22,0.21,0.9875,3.0,204.47,259.85,310.43,,,,
71955,아쟁,대풍류,train,16.0,1.2,1.18,0.9873,27.0,57.75,108.28,184.99,0.07,0.37,0.41,0.51
71955,아쟁,대풍류,val,2.0,0.1,0.1,0.9947,2.0,147.38,177.84,208.29,,,,
71955,아쟁,민요,test,11.0,0.72,0.72,0.995,24.0,13.42,28.01,207.87,0.46,0.69,0.74,1.26
71955,아쟁,민요,train,56.0,3.75,3.73,0.9963,119.0,9.48,76.5,215.62,0.14,0.37,0.85,2.66
71955,아쟁,민요,val,8.0,0.49,0.49,0.9988,10.0,167.46,192.53,224.16,0.61,0.76,0.91,1.03
71955,아쟁,산조,test,1.0,0.17,0.17,0.9998,1.0,621.6,621.6,621.6,,,,
71955,아쟁,산조,train,5.0,0.44,0.44,0.9981,5.0,323.93,337.59,372.42,,,,
71955,아쟁,창작국악,test,43.0,2.46,1.83,0.7425,164.0,13.2,28.47,45.87,2.25,5.61,9.48,50.65
71955,아쟁,창작국악,train,192.0,11.88,8.89,0.7481,1185.0,6.3,13.2,33.81,0.97,3.17,8.14,32.57
71955,아쟁,창작국악,val,28.0,1.48,1.25,0.8442,116.0,10.86,23.94,56.51,0.54,2.25,4.32,9.71
71955,아쟁,판소리,test,40.0,2.16,2.09,0.9668,272.0,6.35,10.17,28.09,0.18,0.46,0.89,3.02
71955,아쟁,판소리,train,202.0,13.47,13.14,0.9755,1422.0,6.62,14.17,35.04,0.18,0.51,1.01,2.62
71955,아쟁,판소리,val,27.0,1.53,1.5,0.9829,115.0,9.73,24.43,41.77,0.14,0.32,0.87,2.71
71955,아쟁,풍류음악,test,6.0,0.29,0.29,0.9993,6.0,139.99,168.82,185.33,,,,
71955,아쟁,풍류음악,train,27.0,1.62,1.59,0.9862,37.0,91.54,122.96,257.32,1.38,4.3,10.12,13.62
71955,아쟁,풍류음악,val,2.0,0.06,0.06,0.9971,2.0,100.11,109.82,119.54,,,,
71955,양금,궁중음악,test,1.0,0.32,0.32,0.9934,9.0,45.77,89.93,144.03,0.16,0.51,1.07,2.79
71955,양금,궁중음악,train,11.0,1.11,1.11,0.996,28.0,15.06,89.7,209.99,0.14,0.41,0.64,1.44
71955,양금,궁중음악,val,1.0,0.32,0.32,0.991,21.0,3.73,21.34,46.41,0.22,0.39,0.56,1.36
71955,양금,창작국악,test,5.0,0.28,0.23,0.809,26.0,6.39,30.11,40.88,3.86,7.5,9.25,16.56
71955,양금,창작국악,train,38.0,2.41,1.41,0.5844,219.0,6.76,12.37,26.31,2.67,7.36,23.64,46.09
71955,양금,창작국악,val,3.0,0.11,0.09,0.8177,3.0,76.77,145.5,153.92,,,,
71955,양금,풍류음악,test,7.0,0.41,0.41,0.9973,7.0,127.56,189.2,299.87,,,,
71955,양금,풍류음악,train,24.0,1.17,1.14,0.9712,26.0,108.38,125.88,199.99,0.89,1.13,1.37,1.56
71955,양금,풍류음악,val,5.0,0.21,0.21,0.9989,5.0,128.25,129.26,146.33,,,,
71955,타악기,궁중음악,test,13.0,1.3,0.4,0.3054,723.0,1.24,1.33,2.35,0.55,1.4,4.69,14.95
71955,타악기,궁중음악,train,59.0,4.75,1.79,0.3769,3375.0,1.2,1.66,2.35,0.46,0.92,3.36,9.34
71955,타악기,궁중음악,val,9.0,1.17,0.34,0.2908,744.0,1.29,1.33,2.07,0.74,1.29,4.14,14.95
71955,타악기,대풍류,test,6.0,0.43,0.33,0.7646,475.0,1.75,1.79,2.53,0.23,0.37,0.83,2.3
71955,타악기,대풍류,train,32.0,2.39,1.52,0.6338,1737.0,1.52,1.61,1.84,0.64,1.01,1.47,5.78
71955,타악기,대풍류,val,4.0,0.2,0.16,0.8242,177.0,1.56,1.7,1.7,0.46,0.87,1.01,1.06
71955,타악기,민요,test,11.0,0.72,0.71,0.989,52.0,6.38,12.05,30.6,0.23,0.41,0.64,1.2
71955,타악기,민요,train,56.0,3.75,3.7,0.9887,322.0,3.17,10.28,28.69,0.18,0.37,0.69,1.55
71955,타악기,민요,val,8.0,0.49,0.48,0.9974,16.0,17.2,51.31,208.73,0.13,0.21,0.32,0.77
71955,타악기,산조,test,30.0,1.53,1.08,0.7064,992.0,0.92,1.84,4.14,0.28,0.74,2.16,5.43
71955,타악기,산조,train,150.0,8.43,6.44,0.7646,5918.0,0.74,2.3,4.46,0.14,0.55,1.33,4.74
71955,타악기,산조,val,20.0,1.16,0.86,0.7396,967.0,0.55,1.66,4.19,0.18,0.55,1.2,4.51
71955,타악기,창작국악,test,37.0,2.05,1.14,0.5569,423.0,1.56,1.98,6.12,0.28,1.06,3.12,57.09
71955,타악기,창작국악,train,227.0,13.58,9.23,0.68,3534.0,1.56,2.12,5.38,0.32,0.69,2.44,15.46
71955,타악기,창작국악,val,36.0,1.83,1.17,0.6384,424.0,1.56,1.89,4.95,0.41,1.06,3.67,21.01
71955,타악기,판소리,test,40.0,2.16,1.73,0.7981,2269.0,0.64,1.84,3.22,0.14,0.37,0.78,2.42
71955,타악기,판소리,train,202.0,13.47,10.3,0.7647,15073.0,0.55,1.66,2.9,0.18,0.37,0.87,2.81
71955,타악기,판소리,val,27.0,1.53,1.25,0.8164,1527.0,0.55,1.75,2.99,0.18,0.32,0.78,1.93
71955,타악기,풍류음악,test,19.0,1.15,0.78,0.6799,1171.0,1.06,1.79,2.67,0.18,0.46,0.92,5.11
71955,타악기,풍류음악,train,94.0,6.44,3.94,0.611,6872.0,0.97,1.66,2.39,0.37,0.69,1.15,4.78
71955,타악기,풍류음악,val,11.0,0.62,0.45,0.7345,767.0,1.01,1.75,2.3,0.37,0.6,0.83,1.29
71955,피리,궁중음악,test,7.0,0.7,0.66,0.947,268.0,4.9,6.95,9.04,0.14,0.32,0.46,1.61
71955,피리,궁중음악,train,28.0,2.32,2.18,0.9418,541.0,5.43,7.96,11.87,0.14,0.32,0.6,2.98
71955,피리,궁중음악,val,5.0,0.61,0.56,0.9168,227.0,4.19,7.13,10.28,0.18,0.34,0.63,2.07
71955,피리,대풍류,test,3.0,0.22,0.21,0.9643,8.0,27.05,43.59,97.26,1.38,1.43,3.17,3.36
71955,피리,대풍류,train,16.0,1.2,1.13,0.947,125.0,10.58,20.98,33.03,0.14,0.64,2.25,4.86
71955,피리,대풍류,val,2.0,0.1,0.1,0.9893,7.0,13.68,42.83,78.13,0.14,0.14,0.14,0.36
71955,피리,민요,test,11.0,0.72,0.71,0.9911,33.0,13.25,21.44,134.96,0.09,0.53,1.15,1.2
71955,피리,민요,train,56.0,3.75,3.74,0.9974,129.0,13.89,50.51,196.19,0.09,0.23,0.64,0.87
71955,피리,민요,val,8.0,0.49,0.49,0.9996,9.0,179.95,205.67,230.32,0.18,0.18,0.18,0.18
71955,피리,산조,test,2.0,0.09,0.09,0.9832,2.0,83.32,156.38,229.44,,,,
71955,피리,산조,train,21.0,1.41,1.4,0.9887,69.0,20.47,40.16,42.96,0.18,0.28,0.51,0.55
71955,피리,산조,val,5.0,0.35,0.34,0.9766,12.0,39.33,39.33,101.57,1.15,1.15,1.17,1.26
71955,피리,창작국악,test,32.0,1.7,0.96,0.564,340.0,3.82,6.53,11.68,0.18,0.78,6.58,26.86
71955,피리,창작국악,train,169.0,10.14,5.44,0.5366,2158.0,2.76,5.43,10.49,0.46,2.12,6.35,27.35
71955,피리,창작국악,val,24.0,1.37,0.89,0.6498,210.0,3.77,8.65,20.98,1.06,4.12,7.46,14.78
71955,피리,판소리,test,40.0,2.16,2.02,0.9333,656.0,3.73,6.58,12.43,0.18,0.51,1.01,2.44
71955,피리,판소리,train,202.0,13.47,12.4,0.9209,4301.0,4.14,7.27,12.56,0.23,0.6,1.1,2.62
71955,피리,판소리,val,27.0,1.53,1.44,0.9421,458.0,3.86,7.91,15.18,0.14,0.28,0.78,2.35
71955,피리,풍류음악,test,16.0,1.01,0.97,0.9584,175.0,5.22,8.92,14.24,0.14,0.28,0.6,2.58
71955,피리,풍류음악,train,78.0,5.36,5.15,0.9601,557.0,7.18,10.72,28.57,0.14,0.28,1.38,6.81
71955,피리,풍류음악,val,10.0,0.59,0.59,0.9855,31.0,8.9,25.58,84.55,0.09,0.18,0.78,1.89
71955,해금,궁중음악,test,7.0,0.7,0.69,0.9917,17.0,1.24,63.94,97.93,0.32,0.69,0.86,0.95
71955,해금,궁중음악,train,28.0,2.32,2.3,0.9916,55.0,31.6,67.9,200.77,0.78,0.78,0.83,0.87
71955,해금,궁중음악,val,5.0,0.61,0.61,0.9958,12.0,40.85,45.49,189.99,0.05,0.05,0.6,0.6
71955,해금,대풍류,test,3.0,0.22,0.21,0.989,3.0,204.65,259.99,310.91,,,,
71955,해금,대풍류,train,16.0,1.2,1.18,0.9873,31.0,58.42,118.54,192.99,0.09,0.18,0.48,0.98
71955,해금,대풍류,val,2.0,0.1,0.09,0.9557,4.0,15.73,44.69,114.39,3.91,7.27,10.63,13.31
71955,해금,민요,test,11.0,0.72,0.72,0.9943,28.0,13.5,42.18,205.4,0.23,0.41,0.83,0.97
71955,해금,민요,train,56.0,3.75,3.74,0.9979,83.0,57.5,185.7,246.77,0.16,0.41,1.17,1.72
71955,해금,민요,val,8.0,0.49,0.49,0.9996,8.0,197.03,217.95,234.91,,,,
71955,해금,산조,train,14.0,0.67,0.67,0.9969,14.0,38.66,143.15,296.45,,,,
71955,해금,창작국악,test,30.0,1.7,0.93,0.5436,280.0,2.71,5.38,14.08,0.83,4.0,9.11,32.61
71955,해금,창작국악,train,146.0,8.96,5.37,0.5992,1598.0,2.76,6.03,13.71,0.6,2.35,6.58,30.96
71955,해금,창작국악,val,19.0,1.04,0.73,0.7041,143.0,4.74,10.26,19.46,0.4,2.48,6.38,23.08
71955,해금,판소리,test,40.0,2.16,2.09,0.9642,380.0,3.79,10.37,24.84,0.14,0.41,0.83,1.98
71955,해금,판소리,train,202.0,13.47,12.94,0.9606,2340.0,3.77,8.65,19.84,0.18,0.46,1.01,2.44
71955,해금,판소리,val,27.0,1.53,1.47,0.9598,351.0,2.25,5.61,12.28,0.18,0.28,0.6,2.19
71955,해금,풍류음악,test,16.0,1.01,1.01,0.995,31.0,28.84,94.58,185.03,0.14,0.18,1.01,2.23
71955,해금,풍류음악,train,78.0,5.36,5.3,0.9892,180.0,3.85,64.72,146.46,0.24,0.71,1.82,4.65
71955,해금,풍류음악,val,10.0,0.59,0.59,0.9893,17.0,79.58,93.61,145.73,0.62,0.83,1.47,2.53
