2026/07/30 08:00:48.770, 0 MiB
2026/07/30 08:01:18.769, 40741 MiB
2026/07/30 08:01:48.769, 40741 MiB
2026/07/30 08:02:18.770, 40741 MiB
2026/07/30 08:02:48.769, 40741 MiB
2026/07/30 08:03:18.769, 40741 MiB
2026/07/30 08:03:48.769, 40741 MiB
2026/07/30 08:04:18.769, 40741 MiB
2026/07/30 08:04:48.768, 40741 MiB
2026/07/30 08:05:18.768, 40741 MiB
2026/07/30 08:05:48.768, 40741 MiB
2026/07/30 08:06:18.768, 40741 MiB
2026/07/30 08:06:48.768, 40741 MiB
2026/07/30 08:07:18.768, 40741 MiB
2026/07/30 08:07:48.768, 40741 MiB
2026/07/30 08:08:18.768, 40741 MiB
2026/07/30 08:08:48.769, 40741 MiB
2026/07/30 08:09:18.768, 40741 MiB
2026/07/30 08:09:48.768, 40741 MiB
2026/07/30 08:10:18.771, 40741 MiB
2026/07/30 08:10:48.771, 40741 MiB
2026/07/30 08:11:18.771, 40741 MiB
2026/07/30 08:11:48.776, 40741 MiB
2026/07/30 08:12:18.776, 40741 MiB
2026/07/30 08:12:48.776, 40741 MiB
2026/07/30 08:13:18.779, 40741 MiB
2026/07/30 08:13:48.778, 40741 MiB
2026/07/30 08:14:18.779, 40741 MiB
2026/07/30 08:14:48.779, 40741 MiB
2026/07/30 08:15:18.780, 40741 MiB
2026/07/30 08:15:48.782, 40741 MiB
2026/07/30 08:16:18.782, 40741 MiB
2026/07/30 08:16:48.785, 40741 MiB
2026/07/30 08:17:18.785, 40741 MiB
2026/07/30 08:17:48.785, 40741 MiB
2026/07/30 08:18:18.785, 40741 MiB
2026/07/30 08:18:48.787, 40741 MiB
2026/07/30 08:19:18.790, 40741 MiB
2026/07/30 08:19:48.790, 40741 MiB
2026/07/30 08:20:18.790, 40741 MiB
2026/07/30 08:20:48.790, 40741 MiB
2026/07/30 08:21:18.790, 40741 MiB
2026/07/30 08:21:48.790, 40741 MiB
2026/07/30 08:22:18.790, 40741 MiB
2026/07/30 08:22:48.790, 40741 MiB
2026/07/30 08:23:18.790, 40741 MiB
2026/07/30 08:23:48.791, 40741 MiB
2026/07/30 08:24:18.802, 40741 MiB
2026/07/30 08:24:48.802, 40741 MiB
2026/07/30 08:25:18.803, 40741 MiB
2026/07/30 08:25:48.804, 40741 MiB
2026/07/30 08:26:18.804, 40741 MiB
2026/07/30 08:26:48.804, 40741 MiB
2026/07/30 08:27:18.804, 40741 MiB
2026/07/30 08:27:48.804, 40741 MiB
2026/07/30 08:28:18.804, 40741 MiB
2026/07/30 08:28:48.805, 40741 MiB
2026/07/30 08:29:18.806, 40741 MiB
2026/07/30 08:29:48.806, 40741 MiB
2026/07/30 08:30:18.806, 40741 MiB
2026/07/30 08:30:48.807, 40741 MiB
2026/07/30 08:31:18.808, 40741 MiB
2026/07/30 08:31:48.809, 40741 MiB
2026/07/30 08:32:18.810, 40741 MiB
2026/07/30 08:32:48.810, 40741 MiB
2026/07/30 08:33:18.811, 40741 MiB
2026/07/30 08:33:48.812, 40741 MiB
2026/07/30 08:34:18.815, 40741 MiB
2026/07/30 08:34:48.821, 40741 MiB
2026/07/30 08:35:18.821, 40741 MiB
2026/07/30 08:35:48.822, 40741 MiB
2026/07/30 08:36:18.823, 40741 MiB
2026/07/30 08:36:48.827, 40741 MiB
2026/07/30 08:37:18.827, 40741 MiB
2026/07/30 08:37:48.829, 40741 MiB
2026/07/30 08:38:18.829, 40741 MiB
2026/07/30 08:38:48.830, 40741 MiB
2026/07/30 08:39:18.830, 40741 MiB
2026/07/30 08:39:48.831, 40741 MiB
2026/07/30 08:40:18.832, 40741 MiB
2026/07/30 08:40:48.832, 40741 MiB
2026/07/30 08:41:18.833, 40741 MiB
2026/07/30 08:41:48.833, 40741 MiB
2026/07/30 08:42:18.837, 40741 MiB
2026/07/30 08:42:48.837, 40741 MiB
2026/07/30 08:43:18.837, 40741 MiB
2026/07/30 08:43:48.840, 40741 MiB
2026/07/30 08:44:18.843, 40741 MiB
2026/07/30 08:44:48.846, 40741 MiB
2026/07/30 08:45:18.846, 40741 MiB
2026/07/30 08:45:48.847, 40741 MiB
2026/07/30 08:46:18.847, 40741 MiB
2026/07/30 08:46:48.848, 40741 MiB
2026/07/30 08:47:18.849, 40741 MiB
2026/07/30 08:47:48.853, 40741 MiB
2026/07/30 08:48:18.853, 40741 MiB
2026/07/30 08:48:48.853, 40741 MiB
2026/07/30 08:49:18.855, 40741 MiB
2026/07/30 08:49:48.856, 40741 MiB
2026/07/30 08:50:18.857, 40741 MiB
2026/07/30 08:50:48.857, 40741 MiB
2026/07/30 08:51:18.857, 40741 MiB
2026/07/30 08:51:48.858, 40741 MiB
2026/07/30 08:52:18.858, 40741 MiB
2026/07/30 08:52:48.861, 40741 MiB
2026/07/30 08:53:18.861, 40741 MiB
2026/07/30 08:53:48.861, 40741 MiB
2026/07/30 08:54:18.865, 40741 MiB
2026/07/30 08:54:48.865, 40741 MiB
2026/07/30 08:55:18.865, 40741 MiB
2026/07/30 08:55:48.866, 40741 MiB
2026/07/30 08:56:18.866, 40741 MiB
2026/07/30 08:56:48.867, 40741 MiB
2026/07/30 08:57:18.867, 40741 MiB
2026/07/30 08:57:48.868, 40741 MiB
2026/07/30 08:58:18.868, 40741 MiB
2026/07/30 08:58:48.870, 40741 MiB
2026/07/30 08:59:18.871, 40741 MiB
2026/07/30 08:59:48.871, 40741 MiB
2026/07/30 09:00:18.871, 40741 MiB
2026/07/30 09:00:48.871, 40741 MiB
2026/07/30 09:01:18.872, 40741 MiB
2026/07/30 09:01:48.873, 40741 MiB
2026/07/30 09:02:18.875, 40741 MiB
2026/07/30 09:02:48.875, 40741 MiB
2026/07/30 09:03:18.875, 40741 MiB
2026/07/30 09:03:48.876, 40741 MiB
2026/07/30 09:04:18.876, 40741 MiB
2026/07/30 09:04:48.878, 40741 MiB
2026/07/30 09:05:18.878, 40741 MiB
2026/07/30 09:05:48.880, 40741 MiB
2026/07/30 09:06:18.882, 40741 MiB
2026/07/30 09:06:48.883, 40741 MiB
2026/07/30 09:07:18.885, 40741 MiB
2026/07/30 09:07:48.886, 40741 MiB
2026/07/30 09:08:18.888, 40741 MiB
2026/07/30 09:08:48.891, 40741 MiB
2026/07/30 09:09:18.895, 40741 MiB
2026/07/30 09:09:48.896, 40741 MiB
2026/07/30 09:10:18.897, 40741 MiB
2026/07/30 09:10:48.898, 40741 MiB
2026/07/30 09:11:18.899, 40741 MiB
2026/07/30 09:11:48.900, 40741 MiB
2026/07/30 09:12:18.901, 40741 MiB
2026/07/30 09:12:48.903, 40741 MiB
2026/07/30 09:13:18.904, 40741 MiB
2026/07/30 09:13:48.905, 40741 MiB
2026/07/30 09:14:18.905, 40741 MiB
2026/07/30 09:14:48.908, 40741 MiB
2026/07/30 09:15:18.910, 40741 MiB
2026/07/30 09:15:48.911, 40741 MiB
2026/07/30 09:16:18.912, 40741 MiB
2026/07/30 09:16:48.912, 40741 MiB
2026/07/30 09:17:18.913, 40741 MiB
2026/07/30 09:17:48.914, 40741 MiB
2026/07/30 09:18:18.914, 40741 MiB
2026/07/30 09:18:48.915, 40741 MiB
2026/07/30 09:19:18.916, 40741 MiB
2026/07/30 09:19:48.918, 40741 MiB
2026/07/30 09:20:18.919, 40741 MiB
2026/07/30 09:20:48.920, 40741 MiB
2026/07/30 09:21:18.920, 40741 MiB
2026/07/30 09:21:48.920, 40741 MiB
2026/07/30 09:22:18.921, 40741 MiB
2026/07/30 09:22:48.922, 40741 MiB
2026/07/30 09:23:18.923, 40741 MiB
2026/07/30 09:23:48.924, 40741 MiB
2026/07/30 09:24:18.925, 40741 MiB
2026/07/30 09:24:48.926, 40741 MiB
2026/07/30 09:25:18.928, 40741 MiB
2026/07/30 09:25:48.928, 40743 MiB
2026/07/30 09:26:18.929, 40743 MiB
2026/07/30 09:26:48.930, 40743 MiB
2026/07/30 09:27:18.933, 40743 MiB
2026/07/30 09:27:48.934, 40743 MiB
2026/07/30 09:28:18.935, 40743 MiB
2026/07/30 09:28:48.936, 40743 MiB
2026/07/30 09:29:18.936, 40743 MiB
2026/07/30 09:29:48.937, 40743 MiB
2026/07/30 09:30:18.939, 40743 MiB
2026/07/30 09:30:48.939, 40743 MiB
2026/07/30 09:31:18.942, 40743 MiB
2026/07/30 09:31:48.942, 40743 MiB
2026/07/30 09:32:18.943, 40743 MiB
2026/07/30 09:32:48.944, 40743 MiB
2026/07/30 09:33:18.945, 40743 MiB
2026/07/30 09:33:48.945, 40743 MiB
2026/07/30 09:34:18.946, 40743 MiB
2026/07/30 09:34:48.948, 40743 MiB
2026/07/30 09:35:18.949, 40743 MiB
2026/07/30 09:35:48.949, 40743 MiB
2026/07/30 09:36:18.949, 40743 MiB
2026/07/30 09:36:48.952, 40743 MiB
2026/07/30 09:37:18.952, 40743 MiB
2026/07/30 09:37:48.952, 40743 MiB
2026/07/30 09:38:18.953, 40743 MiB
2026/07/30 09:38:48.956, 40743 MiB
2026/07/30 09:39:18.956, 40743 MiB
2026/07/30 09:39:48.956, 40743 MiB
2026/07/30 09:40:18.955, 40743 MiB
2026/07/30 09:40:48.958, 40743 MiB
2026/07/30 09:41:18.957, 40743 MiB
2026/07/30 09:41:48.957, 40743 MiB
2026/07/30 09:42:18.956, 40743 MiB
2026/07/30 09:42:48.956, 40743 MiB
2026/07/30 09:43:18.956, 40743 MiB
2026/07/30 09:43:48.956, 40743 MiB
2026/07/30 09:44:18.956, 40743 MiB
2026/07/30 09:44:48.956, 40743 MiB
2026/07/30 09:45:18.959, 40743 MiB
2026/07/30 09:45:48.959, 40743 MiB
2026/07/30 09:46:18.959, 40743 MiB
2026/07/30 09:46:48.959, 40743 MiB
2026/07/30 09:47:18.959, 40743 MiB
2026/07/30 09:47:48.959, 40743 MiB
2026/07/30 09:48:18.964, 40743 MiB
2026/07/30 09:48:48.964, 40743 MiB
2026/07/30 09:49:18.964, 40743 MiB
2026/07/30 09:49:48.964, 40743 MiB
2026/07/30 09:50:18.965, 40743 MiB
2026/07/30 09:50:48.965, 40743 MiB
2026/07/30 09:51:18.965, 40743 MiB
2026/07/30 09:51:48.965, 40743 MiB
2026/07/30 09:52:18.965, 40743 MiB
2026/07/30 09:52:48.966, 40743 MiB
2026/07/30 09:53:18.966, 40743 MiB
2026/07/30 09:53:48.966, 40743 MiB
2026/07/30 09:54:18.966, 40743 MiB
2026/07/30 09:54:48.966, 40743 MiB
2026/07/30 09:55:18.966, 40743 MiB
2026/07/30 09:55:48.967, 40743 MiB
2026/07/30 09:56:18.967, 40743 MiB
2026/07/30 09:56:48.970, 40743 MiB
2026/07/30 09:57:18.970, 40743 MiB
2026/07/30 09:57:48.971, 40743 MiB
2026/07/30 09:58:18.977, 40743 MiB
2026/07/30 09:58:48.977, 40743 MiB
2026/07/30 09:59:18.977, 40743 MiB
2026/07/30 09:59:48.978, 40743 MiB
2026/07/30 10:00:18.978, 40743 MiB
2026/07/30 10:00:48.981, 40743 MiB
2026/07/30 10:01:18.982, 40743 MiB
2026/07/30 10:01:48.982, 40743 MiB
2026/07/30 10:02:18.983, 40743 MiB
2026/07/30 10:02:48.985, 40743 MiB
2026/07/30 10:03:18.985, 40743 MiB
2026/07/30 10:03:48.988, 40743 MiB
2026/07/30 10:04:18.988, 40743 MiB
2026/07/30 10:04:48.988, 40743 MiB
2026/07/30 10:05:18.989, 40743 MiB
2026/07/30 10:05:48.990, 40743 MiB
2026/07/30 10:06:18.990, 40743 MiB
2026/07/30 10:06:48.991, 40743 MiB
2026/07/30 10:07:18.993, 40743 MiB
2026/07/30 10:07:48.994, 40743 MiB
2026/07/30 10:08:18.994, 40743 MiB
2026/07/30 10:08:48.995, 40743 MiB
2026/07/30 10:09:18.995, 40743 MiB
2026/07/30 10:09:48.996, 40743 MiB
2026/07/30 10:10:18.997, 40743 MiB
2026/07/30 10:10:49.003, 40743 MiB
2026/07/30 10:11:19.003, 40743 MiB
2026/07/30 10:11:49.004, 40743 MiB
2026/07/30 10:12:19.005, 40743 MiB
2026/07/30 10:12:49.005, 40743 MiB
2026/07/30 10:13:19.006, 40743 MiB
2026/07/30 10:13:49.006, 40743 MiB
2026/07/30 10:14:19.008, 40743 MiB
2026/07/30 10:14:49.009, 40743 MiB
2026/07/30 10:15:19.012, 40743 MiB
2026/07/30 10:15:49.017, 40743 MiB
2026/07/30 10:16:19.018, 40743 MiB
2026/07/30 10:16:49.019, 40743 MiB
2026/07/30 10:17:19.020, 40743 MiB
2026/07/30 10:17:49.021, 40743 MiB
2026/07/30 10:18:19.022, 40743 MiB
2026/07/30 10:18:49.026, 40743 MiB
2026/07/30 10:19:19.027, 40743 MiB
2026/07/30 10:19:49.028, 40743 MiB
2026/07/30 10:20:19.029, 40743 MiB
2026/07/30 10:20:49.030, 40743 MiB
2026/07/30 10:21:19.032, 40743 MiB
2026/07/30 10:21:49.032, 40743 MiB
2026/07/30 10:22:19.033, 40743 MiB
2026/07/30 10:22:49.037, 40743 MiB
2026/07/30 10:23:19.038, 40743 MiB
2026/07/30 10:23:49.039, 40743 MiB
2026/07/30 10:24:19.042, 40743 MiB
2026/07/30 10:24:49.046, 40743 MiB
2026/07/30 10:25:19.049, 40743 MiB
2026/07/30 10:25:49.050, 40743 MiB
2026/07/30 10:26:19.051, 40743 MiB
2026/07/30 10:26:49.051, 40743 MiB
2026/07/30 10:27:19.052, 40743 MiB
2026/07/30 10:27:49.052, 40743 MiB
2026/07/30 10:28:19.053, 40743 MiB
2026/07/30 10:28:49.055, 40743 MiB
2026/07/30 10:29:19.056, 40743 MiB
2026/07/30 10:29:49.060, 40743 MiB
2026/07/30 10:30:19.060, 40743 MiB
2026/07/30 10:30:49.061, 40743 MiB
2026/07/30 10:31:19.062, 40743 MiB
2026/07/30 10:31:49.063, 40743 MiB
2026/07/30 10:32:19.063, 40743 MiB
2026/07/30 10:32:49.067, 40743 MiB
2026/07/30 10:33:19.068, 40743 MiB
2026/07/30 10:33:49.069, 40743 MiB
2026/07/30 10:34:19.070, 40743 MiB
2026/07/30 10:34:49.072, 40743 MiB
2026/07/30 10:35:19.072, 40743 MiB
2026/07/30 10:35:49.073, 40743 MiB
2026/07/30 10:36:19.074, 40743 MiB
2026/07/30 10:36:49.074, 40743 MiB
2026/07/30 10:37:19.075, 40743 MiB
2026/07/30 10:37:49.079, 40743 MiB
2026/07/30 10:38:19.080, 40743 MiB
2026/07/30 10:38:49.081, 40743 MiB
2026/07/30 10:39:19.081, 40743 MiB
2026/07/30 10:39:49.082, 40743 MiB
2026/07/30 10:40:19.083, 40743 MiB
2026/07/30 10:40:49.084, 40743 MiB
2026/07/30 10:41:19.087, 40743 MiB
2026/07/30 10:41:49.089, 40743 MiB
2026/07/30 10:42:19.089, 40743 MiB
2026/07/30 10:42:49.090, 40743 MiB
2026/07/30 10:43:19.090, 40743 MiB
2026/07/30 10:43:49.095, 40743 MiB
2026/07/30 10:44:19.095, 40743 MiB
2026/07/30 10:44:49.095, 40743 MiB
2026/07/30 10:45:19.096, 40743 MiB
2026/07/30 10:45:49.097, 40743 MiB
2026/07/30 10:46:19.097, 40743 MiB
2026/07/30 10:46:49.098, 40743 MiB
2026/07/30 10:47:19.099, 40743 MiB
2026/07/30 10:47:49.099, 40743 MiB
2026/07/30 10:48:19.099, 40743 MiB
2026/07/30 10:48:49.102, 40743 MiB
2026/07/30 10:49:19.102, 40743 MiB
2026/07/30 10:49:49.102, 40743 MiB
2026/07/30 10:50:19.106, 40743 MiB
2026/07/30 10:50:49.106, 40743 MiB
2026/07/30 10:51:19.106, 40743 MiB
2026/07/30 10:51:49.107, 40743 MiB
2026/07/30 10:52:19.108, 40743 MiB
2026/07/30 10:52:49.108, 40743 MiB
2026/07/30 10:53:19.108, 40743 MiB
2026/07/30 10:53:49.108, 40743 MiB
2026/07/30 10:54:19.108, 40743 MiB
2026/07/30 10:54:49.108, 40743 MiB
2026/07/30 10:55:19.108, 40743 MiB
2026/07/30 10:55:49.109, 40743 MiB
2026/07/30 10:56:19.109, 40743 MiB
2026/07/30 10:56:49.109, 40743 MiB
2026/07/30 10:57:19.109, 40743 MiB
2026/07/30 10:57:49.109, 40743 MiB
2026/07/30 10:58:19.109, 40743 MiB
2026/07/30 10:58:49.109, 40743 MiB
2026/07/30 10:59:19.109, 40743 MiB
2026/07/30 10:59:49.111, 40743 MiB
2026/07/30 11:00:19.111, 40743 MiB
2026/07/30 11:00:49.112, 40743 MiB
2026/07/30 11:01:19.112, 40743 MiB
2026/07/30 11:01:49.112, 40743 MiB
2026/07/30 11:02:19.112, 40743 MiB
2026/07/30 11:02:49.115, 40743 MiB
2026/07/30 11:03:19.115, 40743 MiB
2026/07/30 11:03:49.116, 40743 MiB
2026/07/30 11:04:19.117, 40743 MiB
2026/07/30 11:04:49.120, 40743 MiB
2026/07/30 11:05:19.120, 40743 MiB
2026/07/30 11:05:49.120, 40743 MiB
2026/07/30 11:06:19.121, 40743 MiB
2026/07/30 11:06:49.125, 40743 MiB
2026/07/30 11:07:19.125, 40743 MiB
2026/07/30 11:07:49.126, 40743 MiB
2026/07/30 11:08:19.126, 40743 MiB
2026/07/30 11:08:49.128, 40743 MiB
2026/07/30 11:09:19.128, 40743 MiB
2026/07/30 11:09:49.129, 40743 MiB
2026/07/30 11:10:19.129, 40743 MiB
2026/07/30 11:10:49.129, 40743 MiB
2026/07/30 11:11:19.129, 40743 MiB
2026/07/30 11:11:49.130, 40743 MiB
2026/07/30 11:12:19.130, 40743 MiB
2026/07/30 11:12:49.131, 40743 MiB
2026/07/30 11:13:19.131, 40743 MiB
2026/07/30 11:13:49.133, 40743 MiB
2026/07/30 11:14:19.133, 40743 MiB
2026/07/30 11:14:49.134, 40743 MiB
2026/07/30 11:15:19.134, 40743 MiB
2026/07/30 11:15:49.135, 40743 MiB
2026/07/30 11:16:19.142, 40743 MiB
2026/07/30 11:16:49.142, 40743 MiB
2026/07/30 11:17:19.143, 40743 MiB
2026/07/30 11:17:49.144, 40743 MiB
2026/07/30 11:18:19.146, 40743 MiB
2026/07/30 11:18:49.146, 40743 MiB
2026/07/30 11:19:19.147, 40743 MiB
2026/07/30 11:19:49.148, 40743 MiB
2026/07/30 11:20:19.148, 40743 MiB
2026/07/30 11:20:49.148, 40743 MiB
2026/07/30 11:21:19.149, 40743 MiB
2026/07/30 11:21:49.149, 40743 MiB
2026/07/30 11:22:19.149, 40743 MiB
2026/07/30 11:22:49.149, 40743 MiB
2026/07/30 11:23:19.148, 40743 MiB
2026/07/30 11:23:49.149, 40743 MiB
2026/07/30 11:24:19.148, 40743 MiB
2026/07/30 11:24:49.148, 40743 MiB
2026/07/30 11:25:19.147, 40743 MiB
2026/07/30 11:25:49.148, 40743 MiB
2026/07/30 11:26:19.148, 40743 MiB
2026/07/30 11:26:49.149, 40743 MiB
2026/07/30 11:27:19.149, 40743 MiB
2026/07/30 11:27:49.149, 40743 MiB
2026/07/30 11:28:19.149, 40743 MiB
2026/07/30 11:28:49.149, 40743 MiB
2026/07/30 11:29:19.149, 40743 MiB
2026/07/30 11:29:49.150, 40743 MiB
2026/07/30 11:30:19.150, 40743 MiB
2026/07/30 11:30:49.150, 40743 MiB
2026/07/30 11:31:19.150, 40743 MiB
2026/07/30 11:31:49.151, 40743 MiB
2026/07/30 11:32:19.151, 40743 MiB
2026/07/30 11:32:49.151, 40743 MiB
2026/07/30 11:33:19.151, 40743 MiB
2026/07/30 11:33:49.151, 40743 MiB
2026/07/30 11:34:19.151, 40743 MiB
2026/07/30 11:34:49.151, 40743 MiB
2026/07/30 11:35:19.154, 40743 MiB
2026/07/30 11:35:49.154, 40743 MiB
2026/07/30 11:36:19.154, 40743 MiB
2026/07/30 11:36:49.154, 40743 MiB
2026/07/30 11:37:19.154, 40743 MiB
2026/07/30 11:37:49.155, 40743 MiB
2026/07/30 11:38:19.155, 40743 MiB
2026/07/30 11:38:49.158, 40743 MiB
2026/07/30 11:39:19.161, 40743 MiB
2026/07/30 11:39:49.161, 40743 MiB
2026/07/30 11:40:19.161, 40743 MiB
2026/07/30 11:40:49.162, 40743 MiB
2026/07/30 11:41:19.162, 40743 MiB
2026/07/30 11:41:49.163, 40743 MiB
2026/07/30 11:42:19.163, 40743 MiB
2026/07/30 11:42:49.163, 40743 MiB
2026/07/30 11:43:19.164, 40743 MiB
2026/07/30 11:43:49.164, 40743 MiB
2026/07/30 11:44:19.165, 40743 MiB
2026/07/30 11:44:49.165, 40743 MiB
2026/07/30 11:45:19.166, 40743 MiB
2026/07/30 11:45:49.166, 40743 MiB
2026/07/30 11:46:19.166, 40743 MiB
2026/07/30 11:46:49.166, 40743 MiB
2026/07/30 11:47:19.170, 40743 MiB
2026/07/30 11:47:49.170, 40743 MiB
2026/07/30 11:48:19.171, 40743 MiB
2026/07/30 11:48:49.171, 40743 MiB
2026/07/30 11:49:19.171, 40743 MiB
2026/07/30 11:49:49.173, 40743 MiB
2026/07/30 11:50:19.173, 40743 MiB
2026/07/30 11:50:49.174, 40743 MiB
2026/07/30 11:51:19.174, 40743 MiB
2026/07/30 11:51:49.174, 40743 MiB
2026/07/30 11:52:19.175, 40743 MiB
2026/07/30 11:52:49.175, 40743 MiB
2026/07/30 11:53:19.176, 40743 MiB
2026/07/30 11:53:49.178, 40743 MiB
2026/07/30 11:54:19.178, 40743 MiB
2026/07/30 11:54:49.178, 40743 MiB
2026/07/30 11:55:19.179, 40743 MiB
2026/07/30 11:55:49.179, 40743 MiB
2026/07/30 11:56:19.181, 40743 MiB
2026/07/30 11:56:49.181, 40743 MiB
2026/07/30 11:57:19.182, 40743 MiB
2026/07/30 11:57:49.183, 40743 MiB
2026/07/30 11:58:19.186, 40743 MiB
2026/07/30 11:58:49.187, 40743 MiB
2026/07/30 11:59:19.188, 40743 MiB
2026/07/30 11:59:49.191, 40743 MiB
2026/07/30 12:00:19.193, 40743 MiB
2026/07/30 12:00:49.193, 40743 MiB
2026/07/30 12:01:19.193, 40743 MiB
2026/07/30 12:01:49.194, 40743 MiB
2026/07/30 12:02:19.194, 40743 MiB
2026/07/30 12:02:49.195, 40743 MiB
2026/07/30 12:03:19.196, 40743 MiB
2026/07/30 12:03:49.197, 40743 MiB
2026/07/30 12:04:19.201, 40743 MiB
2026/07/30 12:04:49.201, 40743 MiB
2026/07/30 12:05:19.202, 40743 MiB
2026/07/30 12:05:49.203, 40743 MiB
2026/07/30 12:06:19.203, 40743 MiB
2026/07/30 12:06:49.207, 40743 MiB
2026/07/30 12:07:19.212, 40743 MiB
2026/07/30 12:07:49.212, 40743 MiB
2026/07/30 12:08:19.213, 40743 MiB
2026/07/30 12:08:49.216, 40743 MiB
2026/07/30 12:09:19.216, 40743 MiB
2026/07/30 12:09:49.217, 40743 MiB
2026/07/30 12:10:19.217, 40743 MiB
2026/07/30 12:10:49.217, 40743 MiB
2026/07/30 12:11:19.219, 40743 MiB
2026/07/30 12:11:49.222, 40743 MiB
2026/07/30 12:12:19.222, 40743 MiB
2026/07/30 12:12:49.222, 40743 MiB
2026/07/30 12:13:19.224, 40743 MiB
2026/07/30 12:13:49.226, 40743 MiB
2026/07/30 12:14:19.226, 40743 MiB
2026/07/30 12:14:49.227, 40743 MiB
2026/07/30 12:15:19.228, 40743 MiB
2026/07/30 12:15:49.228, 40743 MiB
2026/07/30 12:16:19.234, 40743 MiB
2026/07/30 12:16:49.234, 40743 MiB
2026/07/30 12:17:19.235, 40743 MiB
2026/07/30 12:17:49.256, 40743 MiB
2026/07/30 12:18:19.259, 40743 MiB
2026/07/30 12:18:49.259, 40743 MiB
2026/07/30 12:19:19.260, 40743 MiB
2026/07/30 12:19:49.267, 40743 MiB
2026/07/30 12:20:19.269, 40743 MiB
2026/07/30 12:20:49.269, 40743 MiB
2026/07/30 12:21:19.270, 40743 MiB
2026/07/30 12:21:49.270, 40743 MiB
2026/07/30 12:22:19.272, 40743 MiB
2026/07/30 12:22:49.273, 40743 MiB
2026/07/30 12:23:19.273, 40743 MiB
2026/07/30 12:23:49.273, 40743 MiB
2026/07/30 12:24:19.274, 40743 MiB
2026/07/30 12:24:49.274, 40743 MiB
2026/07/30 12:25:19.275, 40743 MiB
2026/07/30 12:25:49.275, 40743 MiB
2026/07/30 12:26:19.276, 40743 MiB
2026/07/30 12:26:49.279, 40743 MiB
2026/07/30 12:27:19.279, 40743 MiB
2026/07/30 12:27:49.281, 40743 MiB
2026/07/30 12:28:19.281, 40743 MiB
2026/07/30 12:28:49.281, 40743 MiB
2026/07/30 12:29:19.283, 40743 MiB
2026/07/30 12:29:49.283, 40743 MiB
2026/07/30 12:30:19.284, 40743 MiB
2026/07/30 12:30:49.285, 40743 MiB
2026/07/30 12:31:19.286, 40743 MiB
2026/07/30 12:31:49.287, 40743 MiB
2026/07/30 12:32:19.288, 40743 MiB
2026/07/30 12:32:49.289, 40743 MiB
2026/07/30 12:33:19.290, 40743 MiB
2026/07/30 12:33:49.291, 40743 MiB
2026/07/30 12:34:19.292, 40743 MiB
2026/07/30 12:34:49.293, 40743 MiB
2026/07/30 12:35:19.294, 40743 MiB
2026/07/30 12:35:49.295, 40743 MiB
2026/07/30 12:36:19.295, 40743 MiB
2026/07/30 12:36:49.299, 40743 MiB
2026/07/30 12:37:19.299, 40743 MiB
2026/07/30 12:37:49.303, 40743 MiB
2026/07/30 12:38:19.304, 40743 MiB
2026/07/30 12:38:49.305, 40743 MiB
2026/07/30 12:39:19.305, 40743 MiB
2026/07/30 12:39:49.306, 40743 MiB
2026/07/30 12:40:19.307, 40743 MiB
2026/07/30 12:40:49.308, 40743 MiB
2026/07/30 12:41:19.311, 40743 MiB
2026/07/30 12:41:49.311, 40743 MiB
2026/07/30 12:42:19.313, 40743 MiB
2026/07/30 12:42:49.314, 40743 MiB
2026/07/30 12:43:19.315, 40743 MiB
2026/07/30 12:43:49.318, 40743 MiB
2026/07/30 12:44:19.318, 40743 MiB
2026/07/30 12:44:49.321, 40743 MiB
2026/07/30 12:45:19.324, 40743 MiB
2026/07/30 12:45:49.324, 40743 MiB
2026/07/30 12:46:19.325, 40743 MiB
2026/07/30 12:46:49.326, 40743 MiB
2026/07/30 12:47:19.330, 40743 MiB
2026/07/30 12:47:49.330, 40743 MiB
2026/07/30 12:48:19.331, 40743 MiB
2026/07/30 12:48:49.331, 40743 MiB
2026/07/30 12:49:19.332, 40743 MiB
2026/07/30 12:49:49.332, 40743 MiB
2026/07/30 12:50:19.332, 40743 MiB
2026/07/30 12:50:49.334, 40743 MiB
2026/07/30 12:51:19.334, 40743 MiB
2026/07/30 12:51:49.335, 40743 MiB
2026/07/30 12:52:19.338, 40743 MiB
2026/07/30 12:52:49.338, 40743 MiB
2026/07/30 12:53:19.340, 40743 MiB
2026/07/30 12:53:49.342, 40743 MiB
2026/07/30 12:54:19.342, 40743 MiB
2026/07/30 12:54:49.342, 40743 MiB
2026/07/30 12:55:19.343, 40743 MiB
2026/07/30 12:55:49.344, 40743 MiB
2026/07/30 12:56:19.344, 40743 MiB
2026/07/30 12:56:49.345, 40743 MiB
2026/07/30 12:57:19.346, 40743 MiB
2026/07/30 12:57:49.347, 40743 MiB
2026/07/30 12:58:19.348, 40743 MiB
2026/07/30 12:58:49.348, 40743 MiB
2026/07/30 12:59:19.349, 40743 MiB
2026/07/30 12:59:49.352, 40743 MiB
2026/07/30 13:00:19.352, 40743 MiB
2026/07/30 13:00:49.354, 40743 MiB
2026/07/30 13:01:19.354, 40743 MiB
2026/07/30 13:01:49.354, 40743 MiB
2026/07/30 13:02:19.354, 40743 MiB
2026/07/30 13:02:49.355, 40743 MiB
2026/07/30 13:03:19.355, 40743 MiB
2026/07/30 13:03:49.356, 40743 MiB
2026/07/30 13:04:19.360, 40743 MiB
2026/07/30 13:04:49.360, 40743 MiB
2026/07/30 13:05:19.360, 40743 MiB
2026/07/30 13:05:49.360, 40743 MiB
2026/07/30 13:06:19.360, 40743 MiB
2026/07/30 13:06:49.362, 40743 MiB
2026/07/30 13:07:19.362, 40743 MiB
2026/07/30 13:07:49.363, 40743 MiB
2026/07/30 13:08:19.363, 40743 MiB
2026/07/30 13:08:49.366, 40743 MiB
2026/07/30 13:09:19.365, 40743 MiB
2026/07/30 13:09:49.365, 40743 MiB
2026/07/30 13:10:19.366, 40743 MiB
2026/07/30 13:10:49.366, 40743 MiB
2026/07/30 13:11:19.366, 40743 MiB
2026/07/30 13:11:49.366, 40743 MiB
2026/07/30 13:12:19.366, 40743 MiB
2026/07/30 13:12:49.366, 40743 MiB
2026/07/30 13:13:19.370, 40743 MiB
2026/07/30 13:13:49.370, 40743 MiB
2026/07/30 13:14:19.370, 40743 MiB
2026/07/30 13:14:49.370, 40743 MiB
2026/07/30 13:15:19.370, 40743 MiB
2026/07/30 13:15:49.370, 40743 MiB
2026/07/30 13:16:19.372, 40743 MiB
2026/07/30 13:16:49.373, 40743 MiB
2026/07/30 13:17:19.373, 40743 MiB
2026/07/30 13:17:49.373, 40743 MiB
2026/07/30 13:18:19.373, 40743 MiB
2026/07/30 13:18:49.374, 40743 MiB
2026/07/30 13:19:19.375, 40743 MiB
2026/07/30 13:19:49.375, 40743 MiB
2026/07/30 13:20:19.376, 40743 MiB
2026/07/30 13:20:49.376, 40743 MiB
2026/07/30 13:21:19.376, 40743 MiB
2026/07/30 13:21:49.376, 40743 MiB
2026/07/30 13:22:19.377, 40743 MiB
2026/07/30 13:22:49.377, 40743 MiB
2026/07/30 13:23:19.378, 40743 MiB
2026/07/30 13:23:49.378, 40743 MiB
2026/07/30 13:24:19.379, 40743 MiB
2026/07/30 13:24:49.379, 40743 MiB
2026/07/30 13:25:19.382, 40743 MiB
2026/07/30 13:25:49.384, 40743 MiB
2026/07/30 13:26:19.384, 40743 MiB
2026/07/30 13:26:49.384, 40743 MiB
2026/07/30 13:27:19.384, 40743 MiB
2026/07/30 13:27:49.385, 40743 MiB
2026/07/30 13:28:19.388, 40743 MiB
2026/07/30 13:28:49.388, 40743 MiB
2026/07/30 13:29:19.392, 40743 MiB
2026/07/30 13:29:49.392, 40743 MiB
2026/07/30 13:30:19.392, 40743 MiB
2026/07/30 13:30:49.392, 40743 MiB
2026/07/30 13:31:19.392, 40743 MiB
2026/07/30 13:31:49.392, 40743 MiB
2026/07/30 13:32:19.395, 40743 MiB
2026/07/30 13:32:49.395, 40743 MiB
2026/07/30 13:33:19.396, 40743 MiB
2026/07/30 13:33:49.396, 40743 MiB
2026/07/30 13:34:19.397, 40743 MiB
2026/07/30 13:34:49.397, 40743 MiB
2026/07/30 13:35:19.397, 40743 MiB
2026/07/30 13:35:49.400, 40743 MiB
2026/07/30 13:36:19.403, 40743 MiB
2026/07/30 13:36:49.403, 40743 MiB
2026/07/30 13:37:19.403, 40743 MiB
2026/07/30 13:37:49.405, 40743 MiB
2026/07/30 13:38:19.405, 40743 MiB
2026/07/30 13:38:49.411, 40743 MiB
2026/07/30 13:39:19.411, 40743 MiB
2026/07/30 13:39:49.415, 40743 MiB
2026/07/30 13:40:19.415, 40743 MiB
2026/07/30 13:40:49.418, 40743 MiB
2026/07/30 13:41:19.421, 40743 MiB
2026/07/30 13:41:49.421, 40743 MiB
2026/07/30 13:42:19.422, 40743 MiB
2026/07/30 13:42:49.423, 40743 MiB
2026/07/30 13:43:19.424, 40743 MiB
2026/07/30 13:43:49.428, 40743 MiB
2026/07/30 13:44:19.428, 40743 MiB
2026/07/30 13:44:49.428, 40743 MiB
2026/07/30 13:45:19.430, 40743 MiB
2026/07/30 13:45:49.430, 40743 MiB
2026/07/30 13:46:19.433, 40743 MiB
2026/07/30 13:46:49.433, 40743 MiB
2026/07/30 13:47:19.434, 40743 MiB
2026/07/30 13:47:49.435, 40743 MiB
2026/07/30 13:48:19.435, 40743 MiB
2026/07/30 13:48:49.436, 40743 MiB
2026/07/30 13:49:19.439, 40743 MiB
2026/07/30 13:49:49.439, 40743 MiB
2026/07/30 13:50:19.440, 40743 MiB
2026/07/30 13:50:49.440, 40743 MiB
2026/07/30 13:51:19.441, 40743 MiB
2026/07/30 13:51:49.441, 40743 MiB
2026/07/30 13:52:19.442, 40743 MiB
2026/07/30 13:52:49.443, 40743 MiB
2026/07/30 13:53:19.443, 40743 MiB
2026/07/30 13:53:49.443, 40743 MiB
2026/07/30 13:54:19.444, 40743 MiB
2026/07/30 13:54:49.444, 40743 MiB
2026/07/30 13:55:19.444, 40743 MiB
2026/07/30 13:55:49.445, 40743 MiB
2026/07/30 13:56:19.446, 40743 MiB
2026/07/30 13:56:49.446, 40743 MiB
2026/07/30 13:57:19.447, 40743 MiB
2026/07/30 13:57:49.447, 40743 MiB
2026/07/30 13:58:19.448, 40743 MiB
2026/07/30 13:58:49.448, 40743 MiB
2026/07/30 13:59:19.452, 40743 MiB
2026/07/30 13:59:49.452, 40743 MiB
2026/07/30 14:00:19.452, 40743 MiB
2026/07/30 14:00:49.453, 40743 MiB
2026/07/30 14:01:19.453, 40743 MiB
2026/07/30 14:01:49.453, 40743 MiB
2026/07/30 14:02:19.454, 40743 MiB
2026/07/30 14:02:49.458, 40743 MiB
2026/07/30 14:03:19.458, 40743 MiB
2026/07/30 14:03:49.458, 40743 MiB
2026/07/30 14:04:19.461, 40743 MiB
2026/07/30 14:04:49.464, 40743 MiB
2026/07/30 14:05:19.464, 40743 MiB
2026/07/30 14:05:49.464, 40743 MiB
